{
    "answers": {
        "phase": "testing",
        "action": "other testing",
        "scope": "test execution scripts",
        "action experience": "none",
        "prog lang": "js",
        "other prog lang": "<fill in>",
        "tool": "chat gpt 3.x",
        "other tool": "<fill in>",
        "tool option": "free",
        "tool experience": "enough",
        "time allocated (h)": "0.1",
        "time saved estimate (h)": "0", 
        "quality of ai help": "unusable",
        "generic feeling": "makes not sense",
        "notes": "<fill in>"
    }
}