{
    "answers": {
        "phase": "requirements gathering",
        "action": "requirements (non-functional)",
        "scope": "backend",
        "action experience": "none", 
        "prog lang": "n/a",
        "other prog lang": "<fill in>",
        "tool": "chat gpt 3.x",
        "other tool": "<fill in>",
        "tool option": "free",
        "tool experience": "enough",
        "time allocated (h)": "0.05",
        "time saved estimate (h)": "0.5", 
        "quality of ai help": "ready-to-use",
        "generic feeling": "great as-is", 
        "notes": "<fill in>"
    }
}