{
    "answers": {
        "phase": "architecture",
        "action": "problem understanding",
        "scope": "uml component",
        "action experience": "big",
        "prog lang": "js-node",
        "other prog lang": "<fill in>",
        "tool":"chat gpt 3.x",
        "tool option": "free",
        "tool experience": "master",
        "quality of ai help": "ready-to-use",
        "generic feeling": "great as-is",
        "other tool": "<fill in>",
        "time allocated (h)": "0.08",
        "time saved estimate (h)": "0.08",
        "notes": "<fill in>"
    }
}