{
    "answers": {
        "phase": "architecture",
        "action": "use case specification", 
        "scope": "uml activity",
        "action experience": "little", 
        "prog lang": "n/a",
        "other prog lang": "<fill in>",
        "tool": "chat gpt 3.x",
        "other tool": "<fill in>",
        "tool option": "free", 
        "tool experience": "enough", 
        "time allocated (h)": "0.083",
        "time saved estimate (h)": "2", 
        "quality of ai help": "minor modifications needed", 
        "generic feeling": "great as-is",
        "notes": "<fill in>"
    }
}