{
    "answers": {
        "phase": ["testing"],
        "action": ["functional testing"],
        "scope": ["test execution scripts"],
        "action experience": ["none"],
        "prog lang": ["js"],
        "other prog lang": "<fill in>",
        "tool": ["chat gpt 3.x"],
        "other tool": "<fill in>",
        "tool option": ["free"],
        "tool experience": ["enough"],
        "time allocated (h)": "0.03",
        "time saved estimate (h)": "0.16", 
        "quality of ai help": ["ready-to-use"],
        "generic feeling": ["great as-is"],
        "notes": "<fill in>"
    }
}