{
    "answers": {
        "phase": "testing",
        "action": "functional testing",
        "scope": "test execution scripts",
        "action experience": "none",
        "prog lang": "js",
        "other prog lang": "<fill in>",
        "tool": "chat gpt 3.x",
        "other tool": "<fill in>",
        "tool option": "free",
        "tool experience": "enough",
        "time allocated (h)": "0.03",
        "time saved estimate (h)": "1.5", 
        "quality of ai help": "minor modifications needed",
        "generic feeling": "great in the future",
        "notes": "<fill in>"
    }
}