{
    "answers": {
        "phase": "coding",
        "action": "source code authoring", 
        "scope":  "backend",
        "action experience": "little", 
        "prog lang": "js-node", 
        "other prog lang": "<fill in>",
        "tool": "chat gpt 3.x", 
        "other tool": "<fill in>",
        "tool option": "free",
        "tool experience": "enough",
        "time allocated (h)": "0.5",
        "time saved estimate (h)": "5", 
        "quality of ai help": "ready-to-use",
        "generic feeling": "great as-is",
        "notes": "<fill in>"
    }
}