{
    "answers": {
        "phase": "design", 
        "action": "design decision",
        "scope":  "uml activity", 
        "action experience": "none",
        "prog lang": "n/a",
        "other prog lang": "<fill in>",
        "tool": "chat gpt 3.x",
        "other tool": "<fill in>",
        "tool option": "free",
        "tool experience": "enough",
        "time allocated (h)": "0.05",
        "time saved estimate (h)": "0.25", 
        "quality of ai help": "major modifications needed", 
        "generic feeling": "needs work",
        "notes": "<fill in>"
    }
}